time_s,target_deg,measured_deg,error_deg
0.000,0.00,0.72,-0.72
0.009,0.00,0.72,-0.72
0.105,0.00,0.71,-0.71
1.065,0.00,1.00,-1.00
1.067,0.00,0.70,-0.70
1.071,0.00,0.70,-0.70
1.073,0.00,0.00,0.00
1.075,0.00,0.69,-0.69
1.077,0.00,0.69,-0.69
10.839,0.00,0.68,-0.68
10.859,0.00,0.68,-0.68
10.899,0.00,0.68,-0.68
10.919,0.00,0.67,-0.67
10.939,0.00,0.67,-0.67
10.979,0.00,0.66,-0.66
11.019,0.00,0.66,-0.66
11.039,0.00,0.65,-0.65
11.059,0.00,0.65,-0.65
11.079,0.00,0.00,0.00
11.099,0.00,0.65,-0.65
11.139,0.00,0.64,-0.64
11.159,0.00,0.63,-0.63
11.179,0.00,0.63,-0.63
11.199,0.00,0.63,-0.63
11.219,0.00,0.62,-0.62
11.239,0.00,0.62,-0.62
11.259,0.00,0.61,-0.61
11.299,0.00,0.61,-0.61
11.319,0.00,0.60,-0.60
11.339,0.00,0.60,-0.60
11.359,0.00,0.59,-0.59
11.379,0.00,0.59,-0.59
11.399,0.00,0.58,-0.58
11.419,0.00,0.58,-0.58
11.439,0.00,0.57,-0.57
11.499,0.00,0.55,-0.55
11.519,0.00,0.55,-0.55
11.539,0.00,0.54,-0.54
11.559,0.00,0.53,-0.53
11.579,0.00,0.53,-0.53
11.599,0.00,0.52,-0.52
11.619,0.00,0.51,-0.51
11.639,0.00,0.51,-0.51
11.739,0.00,0.47,-0.47
11.759,0.00,0.47,-0.47
11.779,0.00,0.46,-0.46
11.799,0.00,0.45,-0.45
11.819,0.00,0.44,-0.44
11.839,0.00,0.44,-0.44
11.859,0.00,0.43,-0.43
11.879,0.00,0.42,-0.42
11.939,0.00,0.40,-0.40
11.959,0.00,0.40,-0.40
11.979,0.00,0.39,-0.39
11.999,0.00,0.39,-0.39
12.019,0.00,0.38,-0.38
12.039,0.00,0.00,0.00
12.079,0.00,0.37,-0.37
12.099,0.00,0.36,-0.36
12.119,0.00,0.36,-0.36
12.139,0.00,0.35,-0.35
12.159,0.00,0.35,-0.35
12.179,0.00,0.34,-0.34
12.199,0.00,0.34,-0.34
12.219,0.00,0.34,-0.34
12.239,0.00,0.33,-0.33
12.279,0.00,0.32,-0.32
12.319,0.00,0.32,-0.32
12.339,0.00,0.31,-0.31
12.379,0.00,0.31,-0.31
12.399,0.00,0.30,-0.30
13.159,0.00,0.21,-0.21
13.179,0.00,0.21,-0.21
13.199,0.00,0.21,-0.21
13.219,0.00,0.21,-0.21
13.239,0.00,0.20,-0.20
13.259,0.00,0.20,-0.20
13.299,0.00,0.20,-0.20
13.319,0.00,0.19,-0.19
13.339,0.00,0.19,-0.19
13.359,0.00,0.19,-0.19
13.379,0.00,0.19,-0.19
13.399,0.00,0.18,-0.18
13.419,0.00,0.18,-0.18
13.439,0.00,0.18,-0.18
13.459,0.00,0.17,-0.17
13.479,0.00,0.17,-0.17
13.499,0.00,0.17,-0.17
13.519,0.00,0.16,-0.16
13.539,0.00,0.16,-0.16
13.559,0.00,0.15,-0.15
13.579,0.00,0.15,-0.15
13.619,0.00,0.14,-0.14
13.639,0.00,0.14,-0.14
13.659,0.00,0.13,-0.13
13.679,0.00,0.13,-0.13
13.699,0.00,0.12,-0.12
13.739,0.00,0.11,-0.11
13.759,0.00,0.11,-0.11
13.779,0.00,0.11,-0.11
13.799,0.00,0.10,-0.10
13.819,0.00,0.10,-0.10
13.839,0.00,0.29,-0.29
13.859,0.00,0.09,-0.09
13.879,0.00,0.09,-0.09
13.899,0.00,0.08,-0.08
13.919,0.00,0.08,-0.08
13.939,0.00,0.08,-0.08
13.959,0.00,0.07,-0.07
13.979,0.00,0.07,-0.07
13.999,0.00,0.07,-0.07
14.019,0.00,0.06,-0.06
14.039,0.00,0.06,-0.06
14.059,0.00,0.06,-0.06
14.079,0.00,0.06,-0.06
14.099,0.00,0.06,-0.06
14.139,0.00,0.05,-0.05
14.159,0.00,0.05,-0.05
14.199,0.00,0.05,-0.05
14.219,0.00,0.04,-0.04
14.279,0.00,0.04,-0.04
14.299,0.00,0.04,-0.04
14.319,0.00,0.04,-0.04
0.000,0.00,0.04,-0.04
0.147,0.00,0.05,-0.05
1.487,0.00,0.05,-0.05
1.489,0.00,0.05,-0.05
1.491,0.00,0.05,-0.05
1.493,0.00,0.05,-0.05
1.495,0.00,0.06,-0.06
1.499,0.00,0.06,-0.06
1.501,0.00,0.06,-0.06
1.503,0.00,0.06,-0.06
15.059,0.00,0.07,-0.07
15.079,0.00,0.07,-0.07
15.099,0.00,0.07,-0.07
15.119,0.00,0.07,-0.07
15.159,0.00,0.08,-0.08
15.179,0.00,0.08,-0.08
15.199,0.00,0.08,-0.08
15.259,0.00,0.09,-0.09
15.279,0.00,0.10,-0.10
15.299,0.00,0.10,-0.10
15.319,0.00,0.10,-0.10
15.339,0.00,0.10,-0.10
15.359,0.00,0.11,-0.11
15.399,0.00,0.11,-0.11
15.419,0.00,0.12,-0.12
15.439,0.00,0.12,-0.12
15.459,0.00,0.12,-0.12
15.479,0.00,0.12,-0.12
15.519,0.00,0.13,-0.13
15.539,0.00,0.13,-0.13
15.559,0.00,0.13,-0.13
15.579,0.00,0.13,-0.13
15.599,0.00,0.14,-0.14
15.639,0.00,0.14,-0.14
15.719,0.00,0.15,-0.15
15.739,0.00,0.15,-0.15
15.759,0.00,0.15,-0.15
15.779,0.00,0.15,-0.15
15.799,0.00,0.15,-0.15
15.819,0.00,0.15,-0.15
15.839,0.00,0.16,-0.16
15.859,0.00,0.16,-0.16
15.879,0.00,0.16,-0.16
15.919,0.00,0.16,-0.16
15.939,0.00,0.17,-0.17
15.979,0.00,0.17,-0.17
15.999,0.00,0.17,-0.17
16.019,0.00,0.18,-0.18
16.039,0.00,0.18,-0.18
16.059,0.00,0.18,-0.18
16.079,0.00,0.80,-0.80
16.099,0.00,0.19,-0.19
16.119,0.00,0.19,-0.19
16.159,0.00,0.19,-0.19
16.179,0.00,0.20,-0.20
16.199,0.00,0.20,-0.20
16.219,0.00,0.20,-0.20
16.239,0.00,0.21,-0.21
16.259,0.00,0.21,-0.21
16.279,0.00,0.21,-0.21
16.299,0.00,0.22,-0.22
16.319,0.00,0.22,-0.22
16.339,0.00,0.23,-0.23
16.359,0.00,0.23,-0.23
16.399,0.00,0.24,-0.24
16.419,0.00,0.24,-0.24
16.439,0.00,0.24,-0.24
16.479,0.00,0.25,-0.25
16.499,0.00,0.26,-0.26
16.519,0.00,0.26,-0.26
16.539,0.00,0.26,-0.26
16.599,0.00,0.28,-0.28
16.619,0.00,0.28,-0.28
16.659,0.00,0.29,-0.29
17.179,0.00,0.44,-0.44
17.279,0.00,0.47,-0.47
17.379,0.00,0.50,-0.50
17.399,0.00,0.51,-0.51
17.419,0.00,0.52,-0.52
17.459,0.00,0.53,-0.53
17.479,0.00,0.54,-0.54
17.499,0.00,0.55,-0.55
17.519,0.00,0.55,-0.55
17.539,0.00,0.56,-0.56
17.559,0.00,0.57,-0.57
17.579,0.00,0.58,-0.58
17.599,0.00,0.58,-0.58
17.619,0.00,0.59,-0.59
17.639,0.00,0.60,-0.60
17.679,0.00,0.62,-0.62
17.699,0.00,0.62,-0.62
17.719,0.00,0.63,-0.63
17.739,0.00,0.64,-0.64
17.779,0.00,0.65,-0.65
17.799,0.00,0.66,-0.66
17.819,0.00,0.67,-0.67
17.839,0.00,0.67,-0.67
17.859,0.00,0.68,-0.68
17.899,0.00,0.69,-0.69
17.919,0.00,0.70,-0.70
17.939,0.00,0.71,-0.71
17.979,0.00,0.72,-0.72
17.999,0.00,0.72,-0.72
18.019,0.00,0.73,-0.73
18.059,0.00,0.74,-0.74
18.079,0.00,0.74,-0.74
18.099,0.00,0.75,-0.75
18.119,0.00,0.75,-0.75
18.139,0.00,0.76,-0.76
18.159,0.00,0.76,-0.76
18.179,0.00,0.77,-0.77
18.199,0.00,0.77,-0.77
18.219,0.00,0.77,-0.77
18.239,0.00,0.78,-0.78
18.259,0.00,0.78,-0.78
18.299,0.00,0.79,-0.79
18.319,0.00,0.79,-0.79
18.339,0.00,0.79,-0.79
18.359,0.00,0.80,-0.80
18.379,0.00,0.80,-0.80
18.419,0.00,0.80,-0.80
18.439,0.00,0.81,-0.81
18.459,0.00,0.81,-0.81
18.479,0.00,0.81,-0.81
18.499,0.00,0.82,-0.82
18.519,0.00,0.82,-0.82
18.539,0.00,0.82,-0.82
18.559,0.00,0.82,-0.82
0.000,0.00,0.93,-0.93
0.018,0.00,0.93,-0.93
0.189,0.00,0.94,-0.94
1.911,0.00,0.95,-0.95
1.913,0.00,0.96,-0.96
1.915,0.00,0.96,-0.96
1.917,0.00,0.97,-0.97
1.919,0.00,0.97,-0.97
1.921,0.00,0.98,-0.98
1.923,0.00,0.98,-0.98
1.925,0.00,0.99,-0.99
1.927,0.00,1.00,-1.00
19.299,0.00,1.00,-1.00
19.319,0.00,1.01,-1.01
19.339,0.00,1.01,-1.01
19.359,0.00,1.02,-1.02
19.379,0.00,1.03,-1.03
19.399,0.00,1.03,-1.03
19.419,0.00,1.04,-1.04
19.439,0.00,1.04,-1.04
19.459,0.00,1.05,-1.05
19.479,0.00,1.05,-1.05
19.499,0.00,1.06,-1.06
19.519,0.00,1.06,-1.06
19.539,0.00,1.07,-1.07
19.559,0.00,1.07,-1.07
19.579,0.00,1.08,-1.08
19.599,0.00,1.08,-1.08
19.619,0.00,1.08,-1.08
19.639,0.00,1.09,-1.09
19.659,0.00,1.09,-1.09
19.679,0.00,1.09,-1.09
19.699,0.00,1.10,-1.10
19.719,0.00,1.10,-1.10
19.739,0.00,1.10,-1.10
19.759,0.00,1.10,-1.10
19.779,0.00,1.10,-1.10
19.799,0.00,1.10,-1.10
19.819,0.00,1.11,-1.11
19.839,0.00,1.11,-1.11
19.859,0.00,1.11,-1.11
19.879,0.00,1.11,-1.11
19.899,0.00,1.11,-1.11
19.919,0.00,1.11,-1.11
19.939,0.00,1.11,-1.11
19.959,0.00,1.11,-1.11
19.979,0.00,1.11,-1.11
19.999,0.00,1.11,-1.11
20.019,0.00,1.11,-1.11
20.039,0.00,1.11,-1.11
20.059,0.00,1.11,-1.11
20.079,0.00,1.11,-1.11
20.099,0.00,1.11,-1.11
20.119,0.00,1.11,-1.11
20.139,0.00,1.11,-1.11
20.159,0.00,1.11,-1.11
20.179,0.00,1.11,-1.11
20.199,0.00,1.11,-1.11
20.219,0.00,1.11,-1.11
20.239,0.00,1.12,-1.12
20.259,0.00,1.12,-1.12
20.279,0.00,1.12,-1.12
20.299,0.00,1.12,-1.12
20.319,0.00,1.12,-1.12
20.339,0.00,1.12,-1.12
20.359,0.00,1.12,-1.12
20.379,0.00,1.12,-1.12
20.399,0.00,1.12,-1.12
20.419,0.00,1.12,-1.12
20.439,0.00,1.12,-1.12
20.459,0.00,1.12,-1.12
20.479,0.00,1.12,-1.12
20.499,0.00,1.12,-1.12
20.519,0.00,1.12,-1.12
20.539,0.00,1.12,-1.12
20.559,0.00,1.13,-1.13
20.579,0.00,1.13,-1.13
20.599,0.00,1.13,-1.13
20.619,0.00,1.13,-1.13
20.639,0.00,1.13,-1.13
20.659,0.00,1.13,-1.13
20.679,0.00,1.13,-1.13
20.699,0.00,1.13,-1.13
20.719,0.00,1.13,-1.13
20.739,0.00,1.12,-1.12
20.759,0.00,1.12,-1.12
20.779,0.00,1.12,-1.12
20.799,0.00,1.12,-1.12
20.819,0.00,1.12,-1.12
20.839,0.00,1.12,-1.12
20.859,0.00,1.12,-1.12
20.879,0.00,1.12,-1.12
20.899,0.00,1.12,-1.12
21.619,0.00,1.11,-1.11
21.639,0.00,1.11,-1.11
21.659,0.00,1.11,-1.11
21.679,0.00,1.11,-1.11
21.699,0.00,1.11,-1.11
21.719,0.00,1.11,-1.11
21.739,0.00,1.11,-1.11
21.759,0.00,1.11,-1.11
21.779,0.00,1.10,-1.10
21.799,0.00,1.10,-1.10
21.819,0.00,1.10,-1.10
21.839,0.00,1.10,-1.10
21.859,0.00,1.10,-1.10
21.879,0.00,1.10,-1.10
21.899,0.00,1.10,-1.10
21.919,0.00,1.10,-1.10
21.939,0.00,1.10,-1.10
21.959,0.00,1.10,-1.10
21.979,0.00,1.10,-1.10
21.999,0.00,1.10,-1.10
22.019,0.00,1.10,-1.10
22.039,0.00,1.10,-1.10
22.059,0.00,1.10,-1.10
22.079,0.00,1.10,-1.10
22.099,0.00,1.10,-1.10
22.119,0.00,1.10,-1.10
22.139,0.00,1.10,-1.10
22.159,0.00,1.10,-1.10
22.179,0.00,1.10,-1.10
22.199,0.00,1.10,-1.10
22.219,0.00,1.10,-1.10
22.239,0.00,1.10,-1.10
22.259,0.00,1.11,-1.11
22.279,0.00,1.11,-1.11
22.299,0.00,1.11,-1.11
22.319,0.00,1.11,-1.11
22.339,0.00,1.11,-1.11
22.359,0.00,1.11,-1.11
22.379,0.00,1.11,-1.11
22.399,0.00,1.11,-1.11
22.419,0.00,1.11,-1.11
22.439,0.00,1.11,-1.11
22.459,0.00,1.11,-1.11
22.479,0.00,1.11,-1.11
22.499,0.00,1.11,-1.11
22.519,0.00,1.11,-1.11
22.539,0.00,1.11,-1.11
22.559,0.00,1.11,-1.11
22.579,0.00,1.11,-1.11
22.599,0.00,1.11,-1.11
22.619,0.00,1.11,-1.11
22.639,0.00,1.11,-1.11
22.659,0.00,1.11,-1.11
22.679,0.00,1.11,-1.11
22.699,0.00,1.11,-1.11
22.719,0.00,1.11,-1.11
22.739,0.00,1.11,-1.11
22.759,0.00,1.12,-1.12
22.779,0.00,1.12,-1.12
0.001,0.00,1.13,-1.13
0.022,0.00,1.13,-1.13
0.232,0.00,1.13,-1.13
2.331,0.00,1.13,-1.13
2.333,0.00,1.14,-1.14
2.335,0.00,1.14,-1.14
2.337,0.00,1.14,-1.14
2.339,0.00,1.14,-1.14
2.341,0.00,1.14,-1.14
2.343,0.00,1.14,-1.14
2.345,0.00,1.14,-1.14
2.347,0.00,1.14,-1.14
2.349,0.00,1.14,-1.14
23.519,0.00,1.14,-1.14
23.539,0.00,1.14,-1.14
23.559,0.00,1.15,-1.15
23.619,0.00,1.15,-1.15
23.659,0.00,1.15,-1.15
23.679,0.00,1.15,-1.15
23.699,0.00,1.15,-1.15
23.719,0.00,1.15,-1.15
23.739,0.00,1.16,-1.16
23.759,0.00,1.16,-1.16
23.779,0.00,1.16,-1.16
23.799,0.00,1.16,-1.16
23.819,0.00,1.16,-1.16
3.839,0.00,1.16,-1.16
23.859,0.00,1.16,-1.16
23.879,0.00,1.16,-1.16
23.899,0.00,1.17,-1.17
23.919,0.00,1.17,-1.17
23.959,0.00,1.17,-1.17
23.979,0.00,1.17,-1.17
23.999,0.00,1.17,-1.17
24.019,0.00,1.17,-1.17
24.059,0.00,1.18,-1.18
24.079,0.00,1.18,-1.18
24.099,0.00,1.18,-1.18
24.119,0.00,1.18,-1.18
24.139,0.00,1.18,-1.18
24.159,0.00,1.19,-1.19
24.179,0.00,1.19,-1.19
24.199,0.00,1.19,-1.19
24.219,0.00,1.19,-1.19
24.239,0.00,0.19,-0.19
24.259,0.00,1.19,-1.19
24.279,0.00,1.20,-1.20
24.299,0.00,1.20,-1.20
24.319,0.00,1.20,-1.20
24.339,0.00,1.20,-1.20
24.359,0.00,1.20,-1.20
24.379,0.00,1.20,-1.20
24.399,0.00,1.20,-1.20
24.419,0.00,1.20,-1.20
24.459,0.00,1.20,-1.20
24.479,0.00,1.20,-1.20
24.499,0.00,1.20,-1.20
24.539,0.00,1.20,-1.20
24.559,0.00,1.20,-1.20
24.579,0.00,1.20,-1.20
24.599,0.00,1.20,-1.20
24.619,0.00,1.20,-1.20
24.639,0.00,1.20,-1.20
24.659,0.00,1.20,-1.20
24.679,0.00,1.20,-1.20
24.699,0.00,1.20,-1.20
24.739,0.00,1.20,-1.20
24.759,0.00,1.20,-1.20
24.779,0.00,1.20,-1.20
24.819,0.00,1.20,-1.20
24.839,0.00,1.20,-1.20
24.859,0.00,1.20,-1.20
24.879,0.00,1.20,-1.20
24.899,0.00,1.20,-1.20
24.919,0.00,1.20,-1.20
24.959,0.00,1.20,-1.20
24.999,0.00,1.20,-1.20
25.039,0.00,1.20,-1.20
25.059,0.00,1.20,-1.20
25.079,0.00,1.20,-1.20
25.099,0.00,1.20,-1.20
25.119,0.00,1.20,-1.20
25.559,0.00,1.17,-1.17
25.659,0.00,1.16,-1.16
25.859,0.00,1.14,-1.14
25.879,0.00,1.14,-1.14
25.899,0.00,1.13,-1.13
25.919,0.00,1.13,-1.13
25.939,0.00,1.13,-1.13
25.979,0.00,1.13,-1.13
25.999,0.00,1.13,-1.13
26.019,0.00,1.12,-1.12
26.039,0.00,1.12,-1.12
26.079,0.00,1.12,-1.12
26.119,0.00,1.11,-1.11
26.139,0.00,1.11,-1.11
26.159,0.00,1.11,-1.11
26.179,0.00,1.11,-1.11
26.219,0.00,1.10,-1.10
26.239,0.00,1.10,-1.10
26.279,0.00,1.10,-1.10
26.299,0.00,1.09,-1.09
26.319,0.00,1.09,-1.09
26.339,0.00,1.09,-1.09
26.359,0.00,1.08,-1.08
26.379,0.00,1.08,-1.08
26.399,0.00,1.08,-1.08
26.439,0.00,1.07,-1.07
26.459,0.00,1.07,-1.07
26.479,0.00,1.07,-1.07
26.499,0.00,1.06,-1.06
26.519,0.00,1.06,-1.06
26.539,0.00,1.06,-1.06
26.559,0.00,1.05,-1.05
26.579,0.00,1.05,-1.05
26.599,0.00,1.05,-1.05
26.619,0.00,1.04,-1.04
26.659,0.00,1.04,-1.04
26.679,0.00,1.03,-1.03
26.719,0.00,1.03,-1.03
26.739,0.00,2.00,-2.00
26.759,0.00,1.02,-1.02
26.819,0.00,1.01,-1.01
26.859,0.00,1.00,-1.00
26.899,0.00,0.99,-0.99
26.919,0.00,0.99,-0.99
26.939,0.00,0.98,-0.98
26.999,0.00,0.97,-0.97
0.026,0.00,0.86,-0.86
0.274,0.00,0.86,-0.86
0.274,0.00,0.86,-0.86
2.755,0.00,0.85,-0.85
2.759,0.00,0.84,-0.84
2.761,0.00,0.84,-0.84
2.763,0.00,0.84,-0.84
2.765,0.00,0.83,-0.83
2.769,0.00,0.82,-0.82
2.771,0.00,0.82,-0.82
27.759,0.00,0.81,-0.81
27.779,0.00,0.81,-0.81
27.799,0.00,0.81,-0.81
27.819,0.00,0.80,-0.80
27.839,0.00,0.80,-0.80
27.879,0.00,0.79,-0.79
27.899,0.00,0.79,-0.79
27.919,0.00,0.79,-0.79
27.939,0.00,0.78,-0.78
27.959,0.00,0.78,-0.78
27.979,0.00,0.78,-0.78
27.999,0.00,0.78,-0.78
28.019,0.00,0.77,-0.77
28.039,0.00,7.00,-7.00
28.079,0.00,0.77,-0.77
28.119,0.00,0.70,-0.70
28.139,0.00,0.76,-0.76
28.159,0.00,0.76,-0.76
28.219,0.00,0.75,-0.75
28.239,0.00,0.75,-0.75
28.259,0.00,0.74,-0.74
28.279,0.00,0.74,-0.74
28.319,0.00,0.74,-0.74
28.339,0.00,0.73,-0.73
28.379,0.00,0.73,-0.73
28.399,0.00,0.73,-0.73
28.419,0.00,0.73,-0.73
28.439,0.00,0.72,-0.72
28.459,0.00,0.72,-0.72
28.479,0.00,0.72,-0.72
28.499,0.00,0.72,-0.72
28.519,0.00,0.72,-0.72
28.539,0.00,0.72,-0.72
28.559,0.00,0.00,0.00
28.599,0.00,0.72,-0.72
28.639,0.00,0.72,-0.72
28.659,0.00,0.72,-0.72
28.699,0.00,0.72,-0.72
28.719,0.00,0.72,-0.72
28.739,0.00,2.00,-2.00
28.759,0.00,0.72,-0.72
28.779,0.00,0.72,-0.72
28.819,0.00,0.72,-0.72
28.839,0.00,0.72,-0.72
28.859,0.00,0.72,-0.72
28.879,0.00,0.73,-0.73
28.899,0.00,0.73,-0.73
28.919,0.00,0.73,-0.73
28.939,0.00,0.73,-0.73
28.999,0.00,0.73,-0.73
29.019,0.00,0.74,-0.74
29.039,0.00,0.74,-0.74
29.059,0.00,0.74,-0.74
29.079,0.00,0.74,-0.74
29.119,0.00,5.00,-5.00
29.159,0.00,0.75,-0.75
29.239,0.00,0.00,0.00
29.259,0.00,0.76,-0.76
29.299,0.00,0.76,-0.76
29.319,0.00,0.76,-0.76
30.059,0.00,0.85,-0.85
30.079,0.00,0.85,-0.85
30.099,0.00,0.86,-0.86
30.119,0.00,0.86,-0.86
30.139,0.00,0.86,-0.86
30.159,0.00,0.87,-0.87
30.179,0.00,0.87,-0.87
30.199,0.00,0.87,-0.87
30.239,0.00,0.88,-0.88
30.279,0.00,0.89,-0.89
30.299,0.00,0.89,-0.89
30.319,0.00,0.90,-0.90
30.339,0.00,0.90,-0.90
30.359,0.00,0.91,-0.91
30.379,0.00,0.91,-0.91
30.399,0.00,0.91,-0.91
30.419,0.00,0.92,-0.92
30.459,0.00,0.93,-0.93
30.479,0.00,0.93,-0.93
30.499,0.00,0.93,-0.93
30.519,0.00,0.94,-0.94
30.539,0.00,0.94,-0.94
30.579,0.00,0.95,-0.95
30.599,0.00,0.95,-0.95
30.619,0.00,0.96,-0.96
30.639,0.00,0.96,-0.96
30.699,0.00,0.97,-0.97
30.719,0.00,0.97,-0.97
30.739,0.00,0.98,-0.98
30.779,0.00,8.00,-8.00
30.799,0.00,0.99,-0.99
30.839,0.00,0.99,-0.99
30.879,0.00,1.00,-1.00
30.899,0.00,1.00,-1.00
30.919,0.00,1.01,-1.01
30.939,0.00,1.01,-1.01
30.959,0.00,1.01,-1.01
30.979,0.00,1.02,-1.02
30.999,0.00,1.02,-1.02
31.019,0.00,1.02,-1.02
31.059,0.00,1.03,-1.03
31.079,0.00,1.03,-1.03
31.099,0.00,1.03,-1.03
31.119,0.00,1.04,-1.04
31.179,0.00,1.04,-1.04
31.199,0.00,1.05,-1.05
31.219,0.00,1.05,-1.05
31.239,0.00,1.05,-1.05
0.002,0.00,1.11,-1.11
0.030,0.00,1.11,-1.11
0.316,0.00,1.11,-1.11
0.316,0.00,1.11,-1.11
3.177,0.00,1.12,-1.12
3.179,0.00,1.12,-1.12
3.181,0.00,1.12,-1.12
3.183,0.00,1.12,-1.12
3.185,0.00,2.00,-2.00
3.187,0.00,1.13,-1.13
3.189,0.00,1.13,-1.13
3.193,0.00,1.13,-1.13
31.999,0.00,1.14,-1.14
32.039,0.00,1.15,-1.15
32.059,0.00,1.15,-1.15
32.079,0.00,1.15,-1.15
32.119,0.00,1.16,-1.16
32.179,0.00,1.16,-1.16
32.199,0.00,1.17,-1.17
32.239,0.00,1.17,-1.17
32.279,0.00,1.00,-1.00
32.299,0.00,1.18,-1.18
32.359,0.00,1.18,-1.18
32.399,0.00,1.19,-1.19
32.419,0.00,1.19,-1.19
32.439,0.00,1.19,-1.19
32.459,0.00,1.19,-1.19
32.479,0.00,1.19,-1.19
32.499,0.00,1.20,-1.20
32.519,0.00,1.20,-1.20
32.539,0.00,1.20,-1.20
32.559,0.00,1.20,-1.20
32.579,0.00,1.20,-1.20
32.599,0.00,1.20,-1.20
32.619,0.00,1.21,-1.21
32.639,0.00,1.21,-1.21
32.659,0.00,1.21,-1.21
32.679,0.00,1.21,-1.21
32.719,0.00,1.21,-1.21
32.739,0.00,1.21,-1.21
32.759,0.00,1.22,-1.22
32.779,0.00,1.22,-1.22
32.799,0.00,1.22,-1.22
32.819,0.00,1.22,-1.22
32.839,0.00,1.22,-1.22
32.859,0.00,0.23,-0.23
32.899,0.00,1.23,-1.23
32.919,0.00,1.23,-1.23
32.939,0.00,1.23,-1.23
32.959,0.00,1.24,-1.24
32.979,0.00,1.24,-1.24
32.999,0.00,1.24,-1.24
33.019,0.00,1.24,-1.24
33.059,0.00,1.25,-1.25
33.099,0.00,1.25,-1.25
33.159,0.00,1.25,-1.25
33.179,0.00,1.26,-1.26
33.199,0.00,1.26,-1.26
33.219,0.00,1.26,-1.26
33.239,0.00,1.26,-1.26
33.279,0.00,1.26,-1.26
33.299,0.00,1.26,-1.26
33.319,0.00,1.26,-1.26
33.339,0.00,1.26,-1.26
33.359,0.00,1.26,-1.26
33.379,0.00,1.26,-1.26
33.419,0.00,1.26,-1.26
33.459,0.00,1.26,-1.26
33.479,0.00,1.26,-1.26
33.519,0.00,1.27,-1.27
33.579,0.00,1.27,-1.27
34.299,0.00,1.23,-1.23
34.319,0.00,1.23,-1.23
34.399,0.00,1.22,-1.22
34.419,0.00,1.22,-1.22
34.459,0.00,1.22,-1.22
34.479,0.00,1.22,-1.22
34.499,0.00,1.22,-1.22
34.519,0.00,1.22,-1.22
34.559,0.00,1.22,-1.22
34.599,0.00,1.22,-1.22
34.619,0.00,1.22,-1.22
34.639,0.00,1.22,-1.22
34.679,0.00,1.22,-1.22
34.699,0.00,1.22,-1.22
34.719,0.00,1.21,-1.21
34.759,0.00,1.21,-1.21
34.779,0.00,1.21,-1.21
34.799,0.00,1.21,-1.21
34.819,0.00,1.21,-1.21
34.839,0.00,1.21,-1.21
34.859,0.00,1.21,-1.21
34.879,0.00,1.21,-1.21
34.899,0.00,1.21,-1.21
34.919,0.00,1.21,-1.21
34.939,0.00,1.21,-1.21
34.979,0.00,1.20,-1.20
35.079,0.00,1.20,-1.20
35.099,0.00,1.20,-1.20
35.119,0.00,1.00,-1.00
35.159,0.00,1.20,-1.20
35.179,0.00,1.20,-1.20
35.219,0.00,1.19,-1.19
35.239,0.00,1.19,-1.19
35.259,0.00,1.19,-1.19
35.279,0.00,1.19,-1.19
35.319,0.00,1.19,-1.19
35.339,0.00,1.19,-1.19
35.379,0.00,1.19,-1.19
35.399,0.00,1.19,-1.19
0.002,0.00,1.16,-1.16
0.358,0.00,1.16,-1.16
3.599,0.00,1.16,-1.16
3.601,0.00,1.16,-1.16
3.607,0.00,1.15,-1.15
3.609,0.00,1.15,-1.15
3.611,0.00,1.15,-1.15
3.613,0.00,1.15,-1.15
3.615,0.00,1.14,-1.14
36.299,0.00,1.13,-1.13
36.339,0.00,1.13,-1.13
36.379,0.00,1.12,-1.12
36.459,0.00,1.11,-1.11
36.499,0.00,1.11,-1.11
36.519,0.00,1.11,-1.11
36.579,0.00,1.10,-1.10
36.599,0.00,1.10,-1.10
36.639,0.00,1.00,-1.00
36.659,0.00,1.10,-1.10
36.679,0.00,1.09,-1.09
36.699,0.00,1.09,-1.09
36.719,0.00,1.09,-1.09
36.759,0.00,1.09,-1.09
36.779,0.00,1.09,-1.09
36.799,0.00,1.09,-1.09
36.819,0.00,1.08,-1.08
36.859,0.00,1.08,-1.08
36.879,0.00,1.08,-1.08
36.899,0.00,1.08,-1.08
36.919,0.00,1.08,-1.08
36.939,0.00,8.00,-8.00
36.959,0.00,1.08,-1.08
36.979,0.00,1.07,-1.07
36.999,0.00,1.07,-1.07
37.019,0.00,1.07,-1.07
37.039,0.00,1.07,-1.07
37.059,0.00,1.07,-1.07
37.079,0.00,1.07,-1.07
37.099,0.00,1.06,-1.06
37.119,0.00,1.06,-1.06
37.139,0.00,1.06,-1.06
37.159,0.00,1.06,-1.06
37.199,0.00,1.05,-1.05
37.219,0.00,1.00,-1.00
37.239,0.00,1.05,-1.05
37.279,0.00,1.04,-1.04
37.299,0.00,1.04,-1.04
37.339,0.00,1.03,-1.03
37.359,0.00,1.03,-1.03
37.379,0.00,1.02,-1.02
37.419,0.00,1.02,-1.02
37.439,0.00,1.01,-1.01
37.459,0.00,1.01,-1.01
37.479,0.00,1.00,-1.00
37.499,0.00,1.00,-1.00
37.539,0.00,0.99,-0.99
37.559,0.00,0.99,-0.99
37.579,0.00,0.98,-0.98
37.599,0.00,0.98,-0.98
37.639,0.00,7.00,-7.00
37.679,0.00,0.96,-0.96
37.699,0.00,0.96,-0.96
37.779,0.00,0.94,-0.94
37.819,0.00,0.93,-0.93
38.539,0.00,0.76,-0.76
38.559,0.00,0.76,-0.76
38.579,0.00,0.75,-0.75
38.599,0.00,0.75,-0.75
38.619,0.00,0.74,-0.74
38.639,0.00,0.74,-0.74
38.659,0.00,0.73,-0.73
38.679,0.00,0.72,-0.72
38.699,0.00,0.72,-0.72
38.719,0.00,0.71,-0.71
38.739,0.00,0.71,-0.71
38.759,0.00,0.70,-0.70
38.779,0.00,0.69,-0.69
38.799,0.00,0.69,-0.69
38.819,0.00,0.68,-0.68
38.839,0.00,0.67,-0.67
38.859,0.00,0.67,-0.67
38.879,0.00,0.66,-0.66
38.899,0.00,0.65,-0.65
38.919,0.00,0.64,-0.64
38.939,0.00,0.64,-0.64
38.959,0.00,0.63,-0.63
38.979,0.00,0.62,-0.62
38.999,0.00,0.61,-0.61
39.039,0.00,0.60,-0.60
39.059,0.00,0.59,-0.59
39.079,0.00,0.58,-0.58
39.099,0.00,0.57,-0.57
39.119,0.00,0.57,-0.57
39.139,0.00,0.56,-0.56
39.159,0.00,0.55,-0.55
39.179,0.00,0.54,-0.54
39.199,0.00,0.53,-0.53
39.239,0.00,0.52,-0.52
39.259,0.00,0.51,-0.51
39.279,0.00,0.50,-0.50
39.299,0.00,0.49,-0.49
39.319,0.00,0.48,-0.48
39.339,0.00,0.47,-0.47
39.379,0.00,0.46,-0.46
39.399,0.00,0.45,-0.45
39.419,0.00,0.44,-0.44
39.439,0.00,0.43,-0.43
39.459,0.00,0.42,-0.42
39.479,0.00,0.41,-0.41
39.499,0.00,0.40,-0.40
39.519,0.00,0.40,-0.40
39.539,0.00,0.39,-0.39
39.579,0.00,0.37,-0.37
39.599,0.00,0.36,-0.36
39.619,0.00,0.36,-0.36
39.639,0.00,0.35,-0.35
39.679,0.00,0.33,-0.33
39.699,0.00,0.32,-0.32
39.719,0.00,0.32,-0.32
0.003,0.00,0.13,-0.13
0.039,0.00,0.13,-0.13
0.401,0.00,0.12,-0.12
4.025,0.00,0.11,-0.11
4.027,0.00,0.11,-0.11
4.029,0.00,0.10,-0.10
4.033,0.00,0.09,-0.09
4.035,0.00,0.09,-0.09
4.037,0.00,0.08,-0.08
4.039,0.00,0.08,-0.08
4.041,0.00,0.07,-0.07
4.043,0.00,0.07,-0.07
40.459,0.00,0.06,-0.06
40.479,0.00,0.06,-0.06
40.499,0.00,0.05,-0.05
40.519,0.00,0.05,-0.05
40.539,0.00,0.05,-0.05
40.559,0.00,0.04,-0.04
40.579,0.00,0.04,-0.04
40.599,0.00,0.04,-0.04
40.619,0.00,0.03,-0.03
40.639,0.00,0.03,-0.03
40.659,0.00,0.02,-0.02
40.679,0.00,0.02,-0.02
40.699,0.00,0.02,-0.02
40.719,0.00,0.01,-0.01
40.759,0.00,0.01,-0.01
40.779,0.00,0.00,0.00
40.819,0.00,-0.00,0.00
40.839,0.00,-0.01,0.01
40.859,0.00,-0.01,0.01
40.879,0.00,-0.01,0.01
40.899,0.00,-0.02,0.02
40.919,0.00,-0.02,0.02
40.939,0.00,-0.02,0.02
40.959,0.00,-0.03,0.03
40.979,0.00,-0.03,0.03
40.999,0.00,-0.03,0.03
41.019,0.00,-0.04,0.04
41.039,0.00,-0.04,0.04
41.059,0.00,-0.04,0.04
41.079,0.00,-0.05,0.05
41.099,0.00,-0.05,0.05
41.119,0.00,-0.06,0.06
41.139,0.00,-0.06,0.06
41.159,0.00,-0.06,0.06
41.179,0.00,-0.07,0.07
41.199,0.00,-0.07,0.07
41.219,0.00,-0.07,0.07
41.239,0.00,-0.08,0.08
41.259,0.00,-0.08,0.08
41.279,0.00,-0.09,0.09
41.299,0.00,-0.09,0.09
41.319,0.00,-0.09,0.09
41.339,0.00,-0.10,0.10
41.359,0.00,-0.10,0.10
41.379,0.00,-0.11,0.11
41.399,0.00,-0.11,0.11
41.419,0.00,-0.11,0.11
41.439,0.00,-0.12,0.12
41.459,0.00,-0.12,0.12
41.479,0.00,-0.13,0.13
41.499,0.00,-0.13,0.13
41.519,0.00,-0.13,0.13
41.539,0.00,-0.14,0.14
41.559,0.00,-0.14,0.14
41.579,0.00,-0.14,0.14
41.599,0.00,-0.15,0.15
41.639,0.00,-0.15,0.15
41.659,0.00,-0.16,0.16
41.679,0.00,-0.16,0.16
41.699,0.00,-0.16,0.16
41.719,0.00,-0.16,0.16
41.739,0.00,-0.17,0.17
41.759,0.00,-0.17,0.17
41.779,0.00,-0.17,0.17
41.799,0.00,-0.18,0.18
41.819,0.00,-0.18,0.18
41.839,0.00,-0.18,0.18
41.859,0.00,-0.19,0.19
41.879,0.00,-0.19,0.19
41.899,0.00,-0.20,0.20
41.919,0.00,-0.20,0.20
41.939,0.00,-0.20,0.20
41.959,0.00,-0.21,0.21
41.979,0.00,-0.21,0.21
41.999,0.00,-0.22,0.22
42.019,0.00,-0.22,0.22
42.039,0.00,-0.23,0.23
42.059,0.00,-0.23,0.23
42.079,0.00,-0.23,0.23
42.779,0.00,-0.40,0.40
42.819,0.00,-0.41,0.41
42.839,0.00,-0.41,0.41
42.859,0.00,-0.42,0.42
42.879,0.00,-0.42,0.42
42.899,0.00,-0.43,0.43
42.919,0.00,-0.43,0.43
42.939,0.00,-0.44,0.44
42.959,0.00,-0.44,0.44
42.979,0.00,-0.45,0.45
42.999,0.00,-0.45,0.45
43.019,0.00,-0.46,0.46
43.039,0.00,-0.46,0.46
43.059,0.00,-0.47,0.47
43.079,0.00,-0.47,0.47
43.099,0.00,-0.47,0.47
43.119,0.00,-0.48,0.48
43.139,0.00,-0.48,0.48
43.159,0.00,-0.48,0.48
43.179,0.00,-0.49,0.49
43.199,0.00,-0.49,0.49
43.219,0.00,-0.49,0.49
43.239,0.00,-0.49,0.49
43.259,0.00,-0.50,0.50
43.279,0.00,-0.50,0.50
43.299,0.00,-0.50,0.50
43.319,0.00,-0.50,0.50
43.339,0.00,-0.50,0.50
43.359,0.00,-0.50,0.50
43.399,0.00,-0.51,0.51
43.419,0.00,-0.51,0.51
43.439,0.00,-0.51,0.51
43.459,0.00,-0.51,0.51
43.479,0.00,-0.51,0.51
43.499,0.00,-0.51,0.51
43.519,0.00,-0.51,0.51
43.539,0.00,-0.51,0.51
43.559,0.00,-0.52,0.52
43.579,0.00,-0.52,0.52
43.599,0.00,-0.52,0.52
43.619,0.00,-0.52,0.52
43.639,0.00,-0.52,0.52
43.659,0.00,-0.52,0.52
43.679,0.00,-0.52,0.52
43.699,0.00,-0.52,0.52
43.739,0.00,-0.52,0.52
43.759,0.00,-0.52,0.52
43.779,0.00,-0.52,0.52
43.799,0.00,-0.52,0.52
43.819,0.00,-0.52,0.52
43.839,0.00,-0.52,0.52
43.859,0.00,-0.52,0.52
43.879,0.00,-0.52,0.52
43.899,0.00,-0.52,0.52
43.919,0.00,-0.52,0.52
43.939,0.00,-0.52,0.52
43.959,0.00,-0.52,0.52
43.979,0.00,-0.52,0.52
43.999,0.00,-0.52,0.52
0.003,0.00,-0.55,0.55
0.003,0.00,-0.55,0.55
0.043,0.00,-0.55,0.55
0.043,0.00,-0.55,0.55
0.444,0.00,-0.55,0.55
4.455,0.00,-0.55,0.55
4.457,0.00,-0.55,0.55
4.459,0.00,-0.55,0.55
4.461,0.00,-0.55,0.55
4.463,0.00,-0.55,0.55
4.465,0.00,-0.55,0.55
4.467,0.00,-0.56,0.56
4.469,0.00,-0.56,0.56
4.471,0.00,-0.56,0.56
44.739,0.00,-0.56,0.56
44.759,0.00,-0.56,0.56
44.799,0.00,-0.56,0.56
44.819,0.00,-0.56,0.56
44.839,0.00,-0.56,0.56
44.859,0.00,-0.56,0.56
44.879,0.00,-0.56,0.56
44.899,0.00,-0.56,0.56
44.919,0.00,-0.56,0.56
44.939,0.00,-0.56,0.56
44.959,0.00,-0.56,0.56
44.979,0.00,-0.56,0.56
44.999,0.00,-0.56,0.56
45.019,0.00,-0.56,0.56
45.039,0.00,-0.56,0.56
45.059,0.00,-0.56,0.56
45.079,0.00,-0.56,0.56
45.099,0.00,-0.56,0.56
45.119,0.00,-0.56,0.56
45.139,0.00,-0.57,0.57
45.159,0.00,-0.57,0.57
45.179,0.00,-0.57,0.57
45.199,0.00,-0.57,0.57
45.239,0.00,-0.57,0.57
45.259,0.00,-0.57,0.57
45.279,0.00,-0.57,0.57
45.299,0.00,-0.57,0.57
45.319,0.00,-0.57,0.57
45.339,0.00,-0.57,0.57
45.359,0.00,-0.57,0.57
45.379,0.00,-0.57,0.57
45.399,0.00,-0.57,0.57
45.419,0.00,-0.57,0.57
45.439,0.00,-0.57,0.57
45.459,0.00,-0.57,0.57
45.479,0.00,-0.57,0.57
45.499,0.00,-0.57,0.57
45.519,0.00,-0.57,0.57
45.539,0.00,-0.57,0.57
45.559,0.00,-0.57,0.57
45.579,0.00,-0.57,0.57
45.599,0.00,-0.56,0.56
45.619,0.00,-6.00,6.00
45.659,0.00,-0.56,0.56
45.679,0.00,-0.56,0.56
45.739,0.00,-0.56,0.56
45.779,0.00,-0.56,0.56
45.799,0.00,-0.56,0.56
45.819,0.00,-0.56,0.56
45.859,0.00,-0.56,0.56
45.879,0.00,-0.56,0.56
45.919,0.00,-0.56,0.56
45.939,0.00,-6.00,6.00
45.959,0.00,-0.56,0.56
45.979,0.00,-0.56,0.56
45.999,0.00,-0.56,0.56
46.019,0.00,-0.57,0.57
46.039,0.00,-0.57,0.57
46.059,0.00,-0.57,0.57
46.079,0.00,-0.57,0.57
46.099,0.00,-0.57,0.57
46.119,0.00,-0.57,0.57
46.139,0.00,-0.57,0.57
46.159,0.00,-0.57,0.57
46.199,0.00,-0.57,0.57
46.279,0.00,-0.57,0.57
46.299,0.00,-0.57,0.57
46.319,0.00,-0.57,0.57
46.339,0.00,-0.57,0.57
46.359,0.00,-0.57,0.57
46.379,0.00,-0.57,0.57
46.819,0.00,-0.58,0.58
47.139,0.00,-0.58,0.58
47.159,0.00,-0.58,0.58
47.179,0.00,-0.58,0.58
47.199,0.00,-0.58,0.58
47.239,0.00,-0.58,0.58
47.299,0.00,-0.59,0.59
47.319,0.00,-0.59,0.59
47.339,0.00,-0.59,0.59
47.359,0.00,-9.00,9.00
47.379,0.00,-0.59,0.59
47.399,0.00,-0.59,0.59
47.419,0.00,-0.59,0.59
47.439,0.00,-0.59,0.59
47.479,0.00,-0.59,0.59
47.499,0.00,-0.59,0.59
47.579,0.00,-0.59,0.59
47.599,0.00,-0.59,0.59
47.639,0.00,-0.59,0.59
47.659,0.00,-0.59,0.59
47.719,0.00,-0.59,0.59
47.739,0.00,-0.59,0.59
47.759,0.00,-0.59,0.59
47.779,0.00,-0.59,0.59
47.799,0.00,-0.59,0.59
47.819,0.00,-0.59,0.59
47.839,0.00,-0.59,0.59
47.859,0.00,-0.59,0.59
47.919,0.00,-0.59,0.59
47.959,0.00,-0.59,0.59
47.979,0.00,-0.59,0.59
47.999,0.00,-0.59,0.59
48.019,0.00,-0.59,0.59
48.039,0.00,-0.59,0.59
48.059,0.00,-0.59,0.59
48.079,0.00,-0.59,0.59
48.099,0.00,-0.59,0.59
48.119,0.00,-0.59,0.59
48.179,0.00,-0.50,0.50
48.199,0.00,-0.59,0.59
48.219,0.00,59.00,-59.00
48.239,0.00,-0.59,0.59
48.259,0.00,-9.00,9.00
48.299,0.00,-0.60,0.60
0.003,0.00,-0.62,0.62
0.487,0.00,-0.62,0.62
4.885,0.00,-0.62,0.62
4.887,0.00,-0.62,0.62
4.897,0.00,-0.62,0.62
48.999,0.00,-0.63,0.63
4.901,0.00,-0.63,0.63
4.903,0.00,-0.63,0.63
49.079,0.00,-0.63,0.63
49.099,0.00,-3.00,3.00
49.119,0.00,-0.63,0.63
49.159,0.00,-0.63,0.63
49.179,0.00,-3.00,3.00
49.219,0.00,-0.64,0.64
49.259,0.00,-0.64,0.64
49.279,0.00,-0.64,0.64
49.299,0.00,-0.64,0.64
49.339,0.00,-0.64,0.64
49.379,0.00,-0.65,0.65
49.399,0.00,-0.65,0.65
49.419,0.00,-0.65,0.65
49.439,0.00,-0.65,0.65
49.459,0.00,-0.00,0.00
49.499,0.00,-0.65,0.65
49.519,0.00,-0.66,0.66
49.539,0.00,-0.66,0.66
49.559,0.00,-0.66,0.66
49.579,0.00,-0.66,0.66
49.619,0.00,-0.66,0.66
49.639,0.00,-0.66,0.66
49.659,0.00,-0.67,0.67
49.679,0.00,-0.67,0.67
49.699,0.00,-0.67,0.67
49.719,0.00,-0.67,0.67
49.739,0.00,-0.67,0.67
49.759,0.00,-0.67,0.67
49.779,0.00,-0.68,0.68
49.799,0.00,-0.68,0.68
49.819,0.00,-0.68,0.68
49.839,0.00,-0.68,0.68
49.859,0.00,-0.68,0.68
49.879,0.00,-0.68,0.68
49.899,0.00,-0.69,0.69
49.919,0.00,-0.69,0.69
49.939,0.00,-0.69,0.69
49.979,0.00,-0.69,0.69
49.999,0.00,-0.70,0.70
50.019,0.00,-0.70,0.70
50.039,0.00,-0.70,0.70
50.079,0.00,-0.71,0.71
50.099,0.00,-0.71,0.71
50.119,0.00,-0.71,0.71
50.139,0.00,-0.71,0.71
50.159,0.00,-0.72,0.72
50.179,0.00,-0.72,0.72
50.199,0.00,-0.72,0.72
50.219,0.00,-0.72,0.72
50.239,0.00,-0.73,0.73
50.259,0.00,-0.73,0.73
50.279,0.00,-0.73,0.73
50.299,0.00,-0.73,0.73
50.319,0.00,-0.74,0.74
50.339,0.00,-0.74,0.74
50.379,0.00,-0.74,0.74
50.399,0.00,-0.75,0.75
50.419,0.00,-0.75,0.75
50.439,0.00,-0.75,0.75
50.479,0.00,-0.76,0.76
50.499,0.00,-0.76,0.76
50.539,0.00,-0.77,0.77
50.559,0.00,-0.00,0.00
50.579,0.00,-0.77,0.77
50.599,0.00,-0.77,0.77
50.619,0.00,-0.78,0.78
50.639,0.00,-0.78,0.78
50.679,0.00,-0.79,0.79
51.419,0.00,-0.94,0.94
51.439,0.00,-0.95,0.95
51.459,0.00,-0.95,0.95
51.519,0.00,-0.97,0.97
51.539,0.00,-0.97,0.97
51.559,0.00,-0.98,0.98
51.579,0.00,-0.98,0.98
51.599,0.00,-0.99,0.99
51.619,0.00,-0.99,0.99
51.639,0.00,-0.99,0.99
51.659,0.00,1.00,-1.00
51.679,0.00,-1.00,1.00
51.699,0.00,-1.01,1.01
51.719,0.00,-1.01,1.01
51.759,0.00,-1.02,1.02
51.779,0.00,-1.03,1.03
51.799,0.00,-1.03,1.03
51.819,0.00,-1.04,1.04
51.839,0.00,-1.04,1.04
51.859,0.00,-1.05,1.05
51.879,0.00,-1.05,1.05
51.899,0.00,-1.06,1.06
51.919,0.00,-1.06,1.06
51.939,0.00,-1.07,1.07
51.979,0.00,-1.08,1.08
51.999,0.00,-1.00,1.00
52.039,0.00,-1.10,1.10
52.059,0.00,-1.10,1.10
52.079,0.00,-1.11,1.11
52.099,0.00,-1.00,1.00
52.119,0.00,-1.12,1.12
52.139,0.00,-1.12,1.12
52.179,0.00,-1.13,1.13
52.199,0.00,-1.13,1.13
52.219,0.00,-1.14,1.14
52.239,0.00,-1.14,1.14
52.259,0.00,-1.15,1.15
52.279,0.00,-1.15,1.15
52.299,0.00,-1.16,1.16
52.339,0.00,-1.16,1.16
52.359,0.00,-1.17,1.17
52.379,0.00,-1.17,1.17
52.399,0.00,-1.17,1.17
52.439,0.00,-1.18,1.18
52.479,0.00,-1.19,1.19
52.499,0.00,-1.19,1.19
52.539,0.00,-1.20,1.20
52.559,0.00,0.00,0.00
52.579,0.00,-1.20,1.20
52.599,0.00,-1.21,1.21
0.004,0.00,-1.29,1.29
0.052,0.00,-1.29,1.29
0.052,0.00,-1.30,1.30
0.530,0.00,-1.30,1.30
5.315,0.00,-1.30,1.30
5.317,0.00,-1.30,1.30
5.319,0.00,-1.31,1.31
5.323,0.00,-1.31,1.31
5.325,0.00,-1.32,1.32
5.327,0.00,-1.32,1.32
5.329,0.00,-1.32,1.32
5.331,0.00,-1.33,1.33
53.339,0.00,-1.33,1.33
53.359,0.00,-1.33,1.33
53.379,0.00,-1.33,1.33
53.439,0.00,-1.34,1.34
53.519,0.00,-1.36,1.36
53.579,0.00,-1.37,1.37
53.619,0.00,-1.37,1.37
53.679,0.00,-1.38,1.38
53.699,0.00,-1.38,1.38
53.719,0.00,-1.38,1.38
53.739,0.00,-1.39,1.39
53.759,0.00,-1.39,1.39
53.779,0.00,-1.39,1.39
53.799,0.00,-1.39,1.39
53.819,0.00,-1.40,1.40
53.839,0.00,-1.40,1.40
53.859,0.00,-1.40,1.40
53.879,0.00,-1.40,1.40
53.899,0.00,-1.41,1.41
53.939,0.00,-1.41,1.41
53.959,0.00,-1.41,1.41
54.019,0.00,-1.42,1.42
54.039,0.00,-1.42,1.42
54.059,0.00,-1.43,1.43
54.079,0.00,-1.43,1.43
54.099,0.00,-1.43,1.43
54.119,0.00,-1.43,1.43
54.139,0.00,-1.44,1.44
54.159,0.00,-1.44,1.44
54.199,0.00,-1.45,1.45
54.219,0.00,-1.45,1.45
54.239,0.00,-1.45,1.45
54.259,0.00,-1.45,1.45
54.279,0.00,-1.46,1.46
54.299,0.00,-1.46,1.46
54.339,0.00,-1.46,1.46
54.359,0.00,-1.47,1.47
54.379,0.00,-1.47,1.47
54.399,0.00,-1.47,1.47
54.419,0.00,-1.47,1.47
54.439,0.00,47.00,-47.00
54.459,0.00,-48.00,48.00
54.479,0.00,-1.48,1.48
54.499,0.00,-1.48,1.48
54.519,0.00,-1.48,1.48
54.539,0.00,-1.48,1.48
54.559,0.00,-1.48,1.48
54.579,0.00,-1.49,1.49
54.599,0.00,-1.49,1.49
54.619,0.00,-1.49,1.49
54.639,0.00,-1.49,1.49
54.659,0.00,-1.49,1.49
54.679,0.00,-1.49,1.49
54.699,0.00,-1.49,1.49
54.719,0.00,-1.49,1.49
54.759,0.00,-1.49,1.49
54.779,0.00,-1.49,1.49
54.819,0.00,-1.49,1.49
54.899,0.00,-1.49,1.49
54.919,0.00,-1.49,1.49
54.959,0.00,-1.49,1.49
54.979,0.00,-1.49,1.49
